,Scenario,ParticipantID,study_session,repetition,timestamp_ms,phase,HeightNormalization,ArmLengthNormalization,CenterEyeAnchor_pos_X,CenterEyeAnchor_pos_Y,CenterEyeAnchor_pos_Z,CenterEyeAnchor_euler_X,CenterEyeAnchor_euler_Y,CenterEyeAnchor_euler_Z,LeftControllerAnchor_pos_X,LeftControllerAnchor_pos_Y,LeftControllerAnchor_pos_Z,LeftControllerAnchor_euler_X,LeftControllerAnchor_euler_Y,LeftControllerAnchor_euler_Z,RightControllerAnchor_pos_X,RightControllerAnchor_pos_Y,RightControllerAnchor_pos_Z,RightControllerAnchor_euler_X,RightControllerAnchor_euler_Y,RightControllerAnchor_euler_Z,LeftVirtualHand_pos_X,LeftVirtualHand_pos_Y,LeftVirtualHand_pos_Z,LeftVirtualHand_euler_X,LeftVirtualHand_euler_Y,LeftVirtualHand_euler_Z,RightVirtualHand_pos_X,RightVirtualHand_pos_Y,RightVirtualHand_pos_Z,RightVirtualHand_euler_X,RightVirtualHand_euler_Y,RightVirtualHand_euler_Z,Arrow_pos_X,Arrow_pos_Y,Arrow_pos_Z,Arrow_euler_X,Arrow_euler_Y,Arrow_euler_Z
0,Archery,6,1,12,0,0,False,False,20.37268,1.814037,28.07898,18.03678,7.331914,344.9241,20.37572,1.669637,28.6695,0.4879684,0.3736805,349.7624,20.40078,1.646719,28.17061,349.067,336.2171,13.75285,20.37572,1.669637,28.6695,0.4879684,0.3736805,349.7624,20.40078,1.646719,28.17061,349.067,336.2171,283.7528,19.455,1.405,28.3,0.0,0.0,0.0
1,Archery,6,1,12,11,0,False,False,20.37185,1.814248,28.07912,17.95395,7.256908,344.9704,20.37549,1.670317,28.66969,0.2050699,0.1788812,349.6399,20.40154,1.646195,28.17048,349.1496,336.5353,13.61861,20.37549,1.670317,28.66969,0.2050699,0.1788812,349.6399,20.40154,1.646195,28.17048,349.1496,336.5353,283.6186,19.455,1.405,28.3,0.0,0.0,0.0
2,Archery,6,1,12,25,0,False,False,20.37118,1.814293,28.07891,17.88735,7.156738,344.9264,20.37542,1.670732,28.6698,359.9865,0.2379278,349.4515,20.4025,1.645664,28.17021,349.1494,336.8568,13.57543,20.37542,1.670732,28.6698,359.9865,0.2379278,349.4515,20.4025,1.645664,28.17021,349.1494,336.8568,283.5754,19.455,1.405,28.3,0.0,0.0,0.0
3,Archery,6,1,12,38,0,False,False,20.37079,1.814566,28.07856,17.89018,7.029301,344.9132,20.37518,1.670971,28.66991,359.9384,0.2489451,349.5503,20.40326,1.645208,28.16995,349.1081,337.0812,13.70206,20.37518,1.670971,28.66991,359.9384,0.2489451,349.5503,20.40326,1.645208,28.16995,349.1081,337.0812,283.7021,19.455,1.405,28.3,0.0,0.0,0.0
4,Archery,6,1,12,52,0,False,False,20.3705,1.815034,28.07867,17.8768,6.931252,344.9643,20.37468,1.670789,28.66996,0.07115045,0.2835496,349.9753,20.40396,1.644773,28.1698,349.2469,337.297,13.56771,20.37468,1.670789,28.66996,0.07115045,0.2835496,349.9753,20.40396,1.644773,28.1698,349.2469,337.297,283.5677,19.455,1.405,28.3,0.0,0.0,0.0
5,Archery,6,1,12,67,0,False,False,20.37019,1.815409,28.07887,17.82642,6.843589,345.0634,20.37418,1.670419,28.67003,0.3808275,0.4047483,350.4939,20.40444,1.64463,28.16942,349.2977,337.4363,13.15114,20.37418,1.670419,28.67003,0.3808275,0.4047483,350.4939,20.40444,1.64463,28.16942,349.2977,337.4363,283.1511,19.455,1.405,28.3,0.0,0.0,0.0
6,Archery,6,1,12,81,0,False,False,20.36934,1.815344,28.07858,17.72793,6.80056,345.1476,20.37391,1.670054,28.67015,0.6801656,0.6406819,350.9684,20.40478,1.64448,28.16903,349.2714,337.574,12.91957,20.37391,1.670054,28.67015,0.6801656,0.6406819,350.9684,20.40478,1.64448,28.16903,349.2714,337.574,282.9196,19.455,1.405,28.3,0.0,0.0,0.0
7,Archery,6,1,12,94,0,False,False,20.36866,1.815342,28.07846,17.65822,6.735131,345.2455,20.37379,1.669163,28.6703,1.079885,0.9652262,351.2981,20.40484,1.644059,28.16851,349.2517,337.6801,13.09783,20.37379,1.669163,28.6703,1.079885,0.9652262,351.2981,20.40484,1.644059,28.16851,349.2517,337.6801,283.0978,19.455,1.405,28.3,0.0,0.0,0.0
8,Archery,6,1,12,111,0,False,False,20.36791,1.815829,28.07864,17.63495,6.619738,345.2931,20.37366,1.668317,28.67026,1.107166,0.9494214,350.7241,20.40471,1.643683,28.16782,349.2188,337.648,13.40282,20.37366,1.668317,28.67026,1.107166,0.9494214,350.7241,20.40471,1.643683,28.16782,349.2188,337.648,283.4028,19.455,1.405,28.3,0.0,0.0,0.0
9,Archery,6,1,12,122,0,False,False,20.36717,1.816678,28.07898,17.543,6.516428,345.2957,20.37357,1.66789,28.67009,0.9139256,0.9584252,350.0638,20.4048,1.643205,28.16705,349.2294,337.7113,13.58418,20.37357,1.66789,28.67009,0.9139256,0.9584252,350.0638,20.4048,1.643205,28.16705,349.2294,337.7113,283.5842,19.455,1.405,28.3,0.0,0.0,0.0
10,Archery,6,1,12,137,0,False,False,20.3667,1.817366,28.07942,17.35446,6.385896,345.3209,20.37317,1.667487,28.66971,0.5358705,0.9495469,349.4427,20.40495,1.642978,28.16655,349.3234,337.7133,13.50588,20.37317,1.667487,28.66971,0.5358705,0.9495469,349.4427,20.40495,1.642978,28.16655,349.3234,337.7133,283.5059,19.455,1.405,28.3,0.0,0.0,0.0
11,Archery,6,1,12,150,0,False,False,20.36584,1.817489,28.07908,17.11815,6.295268,345.3463,20.37218,1.667668,28.66924,0.1239872,0.8740277,349.8187,20.40521,1.642822,28.16611,349.2571,337.6619,13.51425,20.37218,1.667668,28.66924,0.1239872,0.8740277,349.8187,20.40521,1.642822,28.16611,349.2571,337.6619,283.5143,19.455,1.405,28.3,0.0,0.0,0.0
12,Archery,6,1,12,164,0,False,False,20.36521,1.817583,28.07898,16.95925,6.175713,345.3688,20.37054,1.667936,28.66885,359.9738,0.543851,350.6521,20.40562,1.642477,28.1655,349.2702,337.7296,13.53316,20.37054,1.667936,28.66885,359.9738,0.543851,350.6521,20.40562,1.642477,28.1655,349.2702,337.7296,283.5331,19.455,1.405,28.3,0.0,0.0,0.0
13,Archery,6,1,12,178,0,False,False,20.36444,1.817805,28.07904,16.82703,6.020878,345.4567,20.36894,1.667935,28.66855,0.0100809,0.2757867,351.2148,20.40591,1.642347,28.16455,349.3088,337.806,13.34035,20.36894,1.667935,28.66855,0.0100809,0.2757867,351.2148,20.40591,1.642347,28.16455,349.3088,337.806,283.3403,19.455,1.405,28.3,0.0,0.0,0.0
14,Archery,6,1,12,192,0,False,False,20.36358,1.817843,28.07909,16.70632,5.868377,345.5774,20.36755,1.667718,28.66827,0.1267077,0.2503152,351.6039,20.40589,1.642272,28.16358,349.3375,337.6545,13.29642,20.36755,1.667718,28.66827,0.1267077,0.2503152,351.6039,20.40589,1.642272,28.16358,349.3375,337.6545,283.2964,19.455,1.405,28.3,0.0,0.0,0.0
15,Archery,6,1,12,206,0,False,False,20.36248,1.818006,28.07945,16.62413,5.760215,345.7024,20.36634,1.667367,28.66801,0.2200559,0.4397529,351.8921,20.40584,1.641919,28.16265,349.3478,337.402,13.42595,20.36634,1.667367,28.66801,0.2200559,0.4397529,351.8921,20.40584,1.641919,28.16265,349.3478,337.402,283.4259,19.455,1.405,28.3,0.0,0.0,0.0
16,Archery,6,1,12,219,0,False,False,20.36129,1.81794,28.07944,16.59451,5.597362,345.8426,20.36512,1.666784,28.66774,0.2184765,0.5005809,351.9008,20.40597,1.641759,28.16266,349.3713,337.4546,13.46528,20.36512,1.666784,28.66774,0.2184765,0.5005809,351.9008,20.40597,1.641759,28.16266,349.3713,337.4546,283.4653,19.455,1.405,28.3,0.0,0.0,0.0
17,Archery,6,1,12,233,0,False,False,20.35981,1.818084,28.07971,16.58873,5.394509,346.0281,20.36383,1.665949,28.66745,0.1553715,0.4205301,351.5765,20.40617,1.641671,28.16272,349.3585,337.4894,13.44163,20.36383,1.665949,28.66745,0.1553715,0.4205301,351.5765,20.40617,1.641671,28.16272,349.3585,337.4894,283.4416,19.455,1.405,28.3,0.0,0.0,0.0
18,Archery,6,1,12,248,0,False,False,20.35795,1.81855,28.08017,16.57244,5.166109,346.1234,20.36245,1.664876,28.66711,0.1761022,0.272292,351.05,20.40645,1.641235,28.1628,349.4329,337.5599,13.44945,20.36245,1.664876,28.66711,0.1761022,0.272292,351.05,20.40645,1.641235,28.1628,349.4329,337.5599,283.4494,19.455,1.405,28.3,0.0,0.0,0.0
19,Archery,6,1,12,262,0,False,False,20.35667,1.819027,28.08031,16.4814,4.965758,346.2106,20.36091,1.663763,28.66673,0.2551139,0.236433,350.7676,20.40692,1.640294,28.16314,349.6002,337.6625,13.57008,20.36091,1.663763,28.66673,0.2551139,0.236433,350.7676,20.40692,1.640294,28.16314,349.6002,337.6625,283.5701,19.455,1.405,28.3,0.0,0.0,0.0
20,Archery,6,1,12,286,0,False,False,20.35535,1.819738,28.08054,16.423,4.753631,346.3988,20.35909,1.662776,28.66633,0.3320435,0.2302231,350.9233,20.40742,1.639308,28.16372,349.8086,337.9732,13.6563,20.35909,1.662776,28.66633,0.3320435,0.2302231,350.9233,20.40742,1.639308,28.16372,349.8086,337.9732,283.6563,19.455,1.405,28.3,0.0,0.0,0.0
21,Archery,6,1,12,291,0,False,False,20.35379,1.820378,28.08086,16.31952,4.560931,346.6555,20.35685,1.661865,28.66597,0.4954489,0.174955,351.3998,20.40761,1.638772,28.16412,349.9217,338.0383,13.46282,20.35685,1.661865,28.66597,0.4954489,0.174955,351.3998,20.40761,1.638772,28.16412,349.9217,338.0383,283.4628,19.455,1.405,28.3,0.0,0.0,0.0
22,Archery,6,1,12,303,0,False,False,20.35204,1.821,28.08092,16.24364,4.320024,346.9526,20.3546,1.660988,28.6656,0.7919059,0.2348692,351.8972,20.40754,1.638546,28.16433,349.8874,337.9415,13.40081,20.3546,1.660988,28.6656,0.7919059,0.2348692,351.8972,20.40754,1.638546,28.16433,349.8874,337.9415,283.4008,19.455,1.405,28.3,0.0,0.0,0.0
23,Archery,6,1,12,317,0,False,False,20.35025,1.822071,28.08151,16.16545,3.972229,347.3666,20.3522,1.660231,28.66504,1.04942,0.3520738,352.3546,20.40738,1.638028,28.16464,349.9836,337.81,13.37145,20.3522,1.660231,28.66504,1.04942,0.3520738,352.3546,20.40738,1.638028,28.16464,349.9836,337.81,283.3714,19.455,1.405,28.3,0.0,0.0,0.0
24,Archery,6,1,12,331,0,False,False,20.34814,1.822557,28.08176,16.0216,3.574376,347.8298,20.34938,1.659727,28.66418,1.209013,0.5744823,352.7127,20.40697,1.637124,28.16495,350.1966,337.6834,13.29339,20.34938,1.659727,28.66418,1.209013,0.5744823,352.7127,20.40697,1.637124,28.16495,350.1966,337.6834,283.2934,19.455,1.405,28.3,0.0,0.0,0.0
25,Archery,6,1,12,345,0,False,False,20.34604,1.82279,28.08164,15.84423,3.193473,348.2215,20.34601,1.659591,28.66324,1.017218,0.3683397,352.6929,20.40641,1.636464,28.16501,350.1125,337.4742,13.45827,20.34601,1.659591,28.66324,1.017218,0.3683397,352.6929,20.40641,1.636464,28.16501,350.1125,337.4742,283.4583,19.455,1.405,28.3,0.0,0.0,0.0
26,Archery,6,1,12,359,0,False,False,20.34402,1.822975,28.0814,15.6953,2.823327,348.6144,20.3425,1.659531,28.66225,0.6857609,0.07214088,352.5395,20.40576,1.635549,28.16509,350.0803,337.2227,13.75936,20.3425,1.659531,28.66225,0.6857609,0.07214088,352.5395,20.40576,1.635549,28.16509,350.0803,337.2227,283.7594,19.455,1.405,28.3,0.0,0.0,0.0
27,Archery,6,1,12,372,0,False,False,20.34206,1.823634,28.08162,15.57841,2.450698,348.9768,20.33843,1.659832,28.66086,0.09737947,359.7163,352.2393,20.40496,1.634203,28.16529,350.2622,336.9206,14.04861,20.33843,1.659832,28.66086,0.09737947,359.7163,352.2393,20.40496,1.634203,28.16529,350.2622,336.9206,284.0486,19.455,1.405,28.3,0.0,0.0,0.0
28,Archery,6,1,12,387,0,False,False,20.34016,1.824147,28.08184,15.44375,2.061347,349.3521,20.3344,1.659775,28.65926,359.6175,359.6371,352.1339,20.40423,1.63265,28.16568,350.5437,336.7194,14.31044,20.3344,1.659775,28.65926,359.6175,359.6371,352.1339,20.40423,1.63265,28.16568,350.5437,336.7194,284.3104,19.455,1.405,28.3,0.0,0.0,0.0
29,Archery,6,1,12,400,0,False,False,20.33781,1.82486,28.08208,15.33336,1.663787,349.7535,20.33039,1.659368,28.65766,359.295,359.584,352.1224,20.40339,1.630953,28.1662,350.7219,336.5109,14.6926,20.33039,1.659368,28.65766,359.295,359.584,352.1224,20.40339,1.630953,28.1662,350.7219,336.5109,284.6926,19.455,1.405,28.3,0.0,0.0,0.0
30,Archery,6,1,12,414,0,False,False,20.3355,1.82535,28.08221,15.26155,1.219756,350.1316,20.32533,1.658317,28.6556,359.1504,359.4946,352.2575,20.40236,1.628975,28.16708,350.9687,336.2347,14.96346,20.32533,1.658317,28.6556,359.1504,359.4946,352.2575,20.40236,1.628975,28.16708,350.9687,336.2347,284.9634,19.455,1.405,28.3,0.0,0.0,0.0
31,Archery,6,1,12,428,0,False,False,20.33321,1.826144,28.08265,15.19095,0.7350787,350.4486,20.32004,1.657108,28.65366,359.0589,359.4342,352.5688,20.40144,1.626959,28.16782,351.4196,335.9445,14.80963,20.32004,1.657108,28.65366,359.0589,359.4342,352.5688,20.40144,1.626959,28.16782,351.4196,335.9444,284.8096,19.455,1.405,28.3,0.0,0.0,0.0
32,Archery,6,1,12,442,0,False,False,20.33069,1.826742,28.08305,15.07643,0.1890267,350.8078,20.31436,1.655543,28.65147,358.9804,359.4693,352.7534,20.40024,1.624884,28.1683,351.7486,335.3553,14.59521,20.31436,1.655543,28.65147,358.9804,359.4693,352.7534,20.40024,1.624884,28.1683,351.7486,335.3553,284.5952,19.455,1.405,28.3,0.0,0.0,0.0
33,Archery,6,1,12,459,0,False,False,20.32835,1.827444,28.08344,14.91273,359.5591,351.2248,20.30792,1.653641,28.64909,358.989,359.7067,352.9045,20.39889,1.622507,28.16863,352.0626,334.6253,14.53404,20.30792,1.653641,28.64909,358.989,359.7067,352.9045,20.39889,1.622507,28.16863,352.0626,334.6253,284.534,19.455,1.405,28.3,0.0,0.0,0.0
34,Archery,6,1,12,470,0,False,False,20.3259,1.827849,28.08381,14.74497,358.9426,351.6137,20.301,1.651938,28.64662,358.9487,359.8416,353.2346,20.39782,1.620153,28.16918,352.4549,334.1295,14.31709,20.301,1.651938,28.64662,358.9487,359.8416,353.2346,20.39782,1.620153,28.16918,352.4549,334.1295,284.3171,19.455,1.405,28.3,0.0,0.0,0.0
35,Archery,6,1,12,484,0,False,False,20.32345,1.827641,28.08377,14.56612,358.3073,351.9461,20.29273,1.650217,28.6438,358.7625,359.624,353.7295,20.39664,1.617546,28.16976,353.0361,333.4527,13.98253,20.29273,1.650217,28.6438,358.7625,359.624,353.7295,20.39664,1.617546,28.16976,353.0361,333.4527,283.9825,19.455,1.405,28.3,0.0,0.0,0.0
36,Archery,6,1,12,498,0,False,False,20.32122,1.827452,28.08392,14.47931,357.602,352.3044,20.28342,1.648368,28.64062,358.4565,359.1166,354.1446,20.39528,1.614905,28.17036,353.4607,332.7684,13.84119,20.28342,1.648368,28.64062,358.4565,359.1166,354.1446,20.39528,1.614905,28.17036,353.4607,332.7684,283.8412,19.455,1.405,28.3,0.0,0.0,0.0
37,Archery,6,1,12,512,0,False,False,20.31883,1.827514,28.08414,14.5251,356.8789,352.6384,20.27324,1.646084,28.63711,358.188,358.464,354.1659,20.39401,1.612134,28.17126,353.8873,332.1658,13.65264,20.27324,1.646084,28.63711,358.188,358.464,354.1659,20.39401,1.612134,28.17126,353.8873,332.1658,283.6526,19.455,1.405,28.3,0.0,0.0,0.0
38,Archery,6,1,12,526,0,False,False,20.31653,1.827808,28.08453,14.59267,356.148,352.8884,20.26245,1.643512,28.63324,357.7762,357.7426,353.7896,20.3931,1.609344,28.17238,354.2924,331.7879,13.32622,20.26245,1.643512,28.63324,357.7762,357.7426,353.7896,20.3931,1.609344,28.17238,354.2924,331.7879,283.3262,19.455,1.405,28.3,0.0,0.0,0.0
39,Archery,6,1,12,540,0,False,False,20.31418,1.828219,28.08514,14.62954,355.3559,353.134,20.25086,1.640736,28.62879,357.3523,357.225,353.379,20.39225,1.606422,28.17348,354.673,331.4091,13.07326,20.25086,1.640736,28.62879,357.3523,357.225,353.379,20.39225,1.606422,28.17348,354.673,331.4091,283.0732,19.455,1.405,28.3,0.0,0.0,0.0
40,Archery,6,1,12,554,0,False,False,20.31211,1.82838,28.08537,14.70166,354.5715,353.4079,20.2388,1.638024,28.62366,356.9296,356.9131,353.1858,20.39121,1.603395,28.17453,355.0801,330.819,12.91299,20.2388,1.638024,28.62366,356.9296,356.9131,353.1858,20.39121,1.603395,28.17453,355.0801,330.819,282.913,19.455,1.405,28.3,0.0,0.0,0.0
41,Archery,6,1,12,568,0,False,False,20.30971,1.828567,28.08574,14.78578,353.7144,353.7886,20.22567,1.635309,28.6178,356.6552,356.7813,353.5805,20.39036,1.600325,28.17591,355.5893,330.2531,12.45671,20.22567,1.635309,28.6178,356.6552,356.7813,353.5805,20.39036,1.600325,28.17591,355.5893,330.2531,282.4567,19.455,1.405,28.3,0.0,0.0,0.0
42,Archery,6,1,12,582,0,False,False,20.3069,1.828439,28.08609,14.88261,352.7761,354.2051,20.21127,1.632362,28.6115,356.6698,356.4275,354.5609,20.38963,1.597384,28.17734,356.1103,329.8208,11.86769,20.21127,1.632362,28.6115,356.6698,356.4275,354.5609,20.38963,1.597384,28.17734,356.1103,329.8208,281.8677,19.455,1.405,28.3,0.0,0.0,0.0
43,Archery,6,1,12,595,0,False,False,20.30367,1.828875,28.08673,15.01991,351.7092,354.6088,20.1961,1.629368,28.60514,356.6801,355.9743,355.8024,20.38907,1.59469,28.17867,356.4198,329.5637,11.30817,20.1961,1.629368,28.60514,356.6801,355.9743,355.8024,20.38907,1.59469,28.17867,356.4198,329.5637,281.3082,19.455,1.405,28.3,0.0,0.0,0.0
44,Archery,6,1,12,609,0,False,False,20.3002,1.828904,28.0874,15.12359,350.4809,354.961,20.17997,1.626131,28.59833,356.5042,355.2345,356.7928,20.38811,1.591722,28.17962,356.7299,329.1653,11.40356,20.17997,1.626131,28.59833,356.5042,355.2345,356.7928,20.38811,1.591722,28.17962,356.7299,329.1653,281.4036,19.455,1.405,28.3,0.0,0.0,0.0
45,Archery,6,1,12,634,0,False,False,20.29667,1.828571,28.08783,15.21082,349.106,355.2625,20.16326,1.622598,28.59093,356.1095,354.3238,357.2879,20.38694,1.588501,28.18018,356.9384,328.5259,12.03185,20.16326,1.622598,28.59093,356.1095,354.3238,357.2879,20.38694,1.588501,28.18018,356.9384,328.5259,282.0318,19.455,1.405,28.3,0.0,0.0,0.0
46,Archery,6,1,12,639,0,False,False,20.29257,1.827942,28.08805,15.35899,347.5049,355.5482,20.14618,1.618532,28.58277,355.6255,353.3143,357.0701,20.38596,1.585188,28.18081,357.0979,327.996,12.60298,20.14618,1.618532,28.58277,355.6255,353.3143,357.0701,20.38596,1.585188,28.18081,357.0979,327.996,282.603,19.455,1.405,28.3,0.0,0.0,0.0
47,Archery,6,1,12,651,0,False,False,20.28775,1.827232,28.08826,15.5758,345.7545,355.8177,20.12893,1.614141,28.57413,355.256,352.349,356.4812,20.38539,1.58188,28.18163,357.4929,327.51,12.41859,20.12893,1.614141,28.57413,355.256,352.349,356.4812,20.38539,1.58188,28.18163,357.4929,327.51,282.4186,19.455,1.405,28.3,0.0,0.0,0.0
48,Archery,6,1,12,665,0,False,False,20.28258,1.826202,28.08818,15.87758,343.5959,355.9825,20.11062,1.609191,28.56426,355.0272,351.342,355.6433,20.38515,1.578761,28.18236,357.8001,326.8592,11.67267,20.11062,1.609191,28.56426,355.0272,351.342,355.6433,20.38515,1.578761,28.18236,357.8001,326.8592,281.6727,19.455,1.405,28.3,0.0,0.0,0.0
49,Archery,6,1,12,679,0,False,False,20.27818,1.824992,28.08764,16.2912,341.1872,355.9448,20.09255,1.604603,28.55493,354.8769,350.4677,355.45,20.38493,1.575656,28.18294,358.0388,326.147,10.95291,20.09255,1.604603,28.55493,354.8769,350.4677,355.45,20.38493,1.575656,28.18294,358.0388,326.147,280.9529,19.455,1.405,28.3,0.0,0.0,0.0
50,Archery,6,1,12,693,0,False,False,20.27455,1.823978,28.08751,16.82712,338.7186,355.7562,20.07247,1.59946,28.54462,354.7945,349.3438,355.7067,20.38482,1.572355,28.18337,358.2668,325.4124,10.16041,20.07247,1.59946,28.54462,354.7945,349.3438,355.7067,20.38482,1.572355,28.18337,358.2668,325.4124,280.1604,19.455,1.405,28.3,0.0,0.0,0.0
51,Archery,6,1,12,707,0,False,False,20.27062,1.823009,28.08728,17.35467,336.3514,355.5743,20.05252,1.594078,28.53457,354.4188,347.9634,355.6619,20.38464,1.568918,28.184,358.6291,324.712,9.272013,20.05252,1.594078,28.53457,354.4188,347.9634,355.6619,20.38464,1.568918,28.184,358.6291,324.712,279.272,19.455,1.405,28.3,0.0,0.0,0.0
52,Archery,6,1,12,721,0,False,False,20.26635,1.821803,28.0873,17.9232,333.988,355.3545,20.0329,1.588626,28.52475,354.083,346.5138,355.5009,20.38447,1.565498,28.18458,358.8635,324.0251,8.466264,20.0329,1.588626,28.52475,354.083,346.5138,355.5009,20.38447,1.565498,28.18458,358.8635,324.0251,278.4662,19.455,1.405,28.3,0.0,0.0,0.0
53,Archery,6,1,12,735,0,False,False,20.26163,1.820354,28.08692,18.40486,331.5516,354.906,20.01107,1.581164,28.51425,354.2339,344.5763,355.062,20.3844,1.561729,28.18519,359.0696,323.2551,7.834312,20.01107,1.581164,28.51425,354.2339,344.5763,355.062,20.3844,1.561729,28.18519,359.0696,323.2551,277.8343,19.455,1.405,28.3,0.0,0.0,0.0
54,Archery,6,1,12,748,0,False,False,20.25753,1.818882,28.08644,18.88178,329.1565,354.3208,19.98935,1.573687,28.50452,354.3186,343.1531,354.3697,20.38428,1.557816,28.18611,359.3254,322.5881,7.40033,19.98935,1.573687,28.50452,354.3186,343.1531,354.3697,20.38428,1.557816,28.18611,359.3254,322.5881,277.4003,19.455,1.405,28.3,0.0,0.0,0.0
55,Archery,6,1,12,763,0,False,False,20.25412,1.816854,28.08596,19.41662,326.85,353.682,19.96703,1.566105,28.49545,352.8952,341.9461,352.8841,20.3842,1.553697,28.18728,359.6714,322.0295,7.041459,19.96703,1.566105,28.49545,352.8952,341.9461,352.8841,20.3842,1.553697,28.18728,359.6714,322.0295,277.0414,19.455,1.405,28.3,0.0,0.0,0.0
56,Archery,6,1,12,777,0,False,False,20.25096,1.814538,28.08482,20.02888,324.6857,353.0766,19.94333,1.557501,28.48803,350.3568,339.6844,350.6992,20.38424,1.549254,28.18931,0.4749228,321.9249,6.326064,19.94333,1.557501,28.48803,350.3568,339.6844,350.6992,20.38424,1.549254,28.18931,0.4749239,321.9249,276.326,19.455,1.405,28.3,0.0,0.0,0.0
57,Archery,6,1,12,793,0,False,False,20.24777,1.812143,28.08348,20.8291,322.6692,352.4352,19.91772,1.545768,28.48211,347.8543,337.5104,348.7247,20.3844,1.544919,28.19196,1.246681,321.9705,5.292137,19.91772,1.545768,28.48211,347.8543,337.5104,348.7247,20.3844,1.544919,28.19196,1.246681,321.9705,275.2921,19.455,1.405,28.3,0.0,0.0,0.0
58,Archery,6,1,12,804,0,False,False,20.24465,1.809958,28.08275,21.53802,320.8168,351.7797,19.89209,1.532846,28.47562,347.7332,335.0039,347.0674,20.38442,1.541026,28.19402,1.634663,321.8877,4.651145,19.89209,1.532846,28.47562,347.7332,335.0039,347.0674,20.38442,1.541026,28.19402,1.63466,321.8877,274.6511,19.455,1.405,28.3,0.0,0.0,0.0
59,Archery,6,1,12,818,0,False,False,20.24161,1.809003,28.08217,22.26409,319.0703,351.0335,19.8634,1.517514,28.46861,350.8151,331.9295,347.5786,20.38432,1.537074,28.19619,2.002743,321.7262,4.086211,19.8634,1.517514,28.46861,350.8151,331.9295,347.5786,20.38432,1.537074,28.19619,2.002743,321.7262,274.0862,19.455,1.405,28.3,0.0,0.0,0.0
60,Archery,6,1,12,833,0,False,False,20.23883,1.808364,28.08187,22.89542,317.5215,350.4343,19.83423,1.502858,28.46024,355.7761,328.6924,350.5348,20.38397,1.533217,28.19846,2.56959,321.4788,3.454779,19.83423,1.502858,28.46024,355.7761,328.6924,350.5348,20.38397,1.533217,28.19846,2.56959,321.4788,273.4548,19.455,1.405,28.3,0.0,0.0,0.0
61,Archery,6,1,12,846,0,False,False,20.2362,1.807797,28.08188,23.41317,316.0718,349.9099,19.80497,1.489837,28.44909,0.4154345,324.6169,354.5515,20.38341,1.529242,28.20066,3.289308,321.2105,2.846057,19.80497,1.489837,28.44909,0.4154345,324.6169,354.5515,20.38341,1.529242,28.20066,3.289308,321.2105,272.846,19.455,1.405,28.3,0.0,0.0,0.0
62,Archery,6,1,12,860,0,False,False,20.23368,1.807785,28.08208,23.80172,314.7119,349.5366,19.77841,1.478868,28.43559,3.833801,320.3753,357.4406,20.38258,1.525419,28.20285,3.935715,320.8852,2.467591,19.77841,1.478868,28.43559,3.833801,320.3753,357.4406,20.38258,1.525419,28.20285,3.935713,320.8852,272.4676,19.455,1.405,28.3,0.0,0.0,0.0
63,Archery,6,1,12,873,1,False,False,20.23108,1.807936,28.08238,23.959,313.5311,349.4375,19.75621,1.470243,28.42046,5.000694,316.2877,358.0022,20.38173,1.521804,28.20508,4.519768,320.8219,2.315107,19.75621,1.470243,28.42046,5.000694,316.2877,358.0022,20.38173,1.521804,28.20508,4.519769,320.8219,272.3151,0.0,0.0,0.0,0.0,0.0,0.0
64,Archery,6,1,12,888,1,False,False,20.22864,1.807881,28.08238,23.91293,312.5708,349.4526,19.73807,1.46393,28.40507,4.705813,312.8005,356.9915,20.38088,1.518548,28.20723,4.983377,320.824,2.224007,19.73807,1.46393,28.40507,4.705813,312.8005,356.9915,20.38088,1.518548,28.20723,4.983377,320.824,272.224,19.54681,1.442842,28.5822,4.705813,312.8005,356.9915
65,Archery,6,1,12,902,1,False,False,20.22603,1.808463,28.08252,23.69297,311.8179,349.6783,19.72319,1.459234,28.39074,3.707655,310.3748,354.8877,20.38107,1.514503,28.20979,5.396235,320.853,1.969464,19.72319,1.459234,28.39074,3.707655,310.3748,354.8877,20.38107,1.514503,28.20979,5.396234,320.853,271.9695,19.52438,1.442689,28.55984,3.707655,310.3748,354.8877
66,Archery,6,1,12,916,1,False,False,20.22246,1.80956,28.08305,23.20833,311.1697,349.9657,19.71029,1.455524,28.37727,2.593303,308.0934,353.1938,20.38128,1.510925,28.21227,5.62657,320.9401,1.65225,19.71029,1.455524,28.37727,2.593303,308.0934,353.1938,20.38128,1.510925,28.21227,5.626571,320.9401,271.6522,19.50468,1.444057,28.5385,2.593303,308.0934,353.1938
67,Archery,6,1,12,930,1,False,False,20.21935,1.811661,28.08402,22.26594,310.747,350.1045,19.69934,1.451849,28.36459,1.908372,306.3076,352.2108,20.38092,1.508106,28.2144,5.879328,321.071,1.55707,19.69934,1.451849,28.36459,1.908372,306.3076,352.2108,20.38092,1.508106,28.2144,5.879327,321.071,271.5571,19.48872,1.443506,28.51941,1.908372,306.3076,352.2108
68,Archery,6,1,12,943,1,False,False,20.21718,1.814555,28.08509,20.85608,310.4802,350.4403,19.69035,1.447424,28.35327,1.777691,305.1252,350.7629,20.38,1.506071,28.21618,6.267575,321.0299,1.331512,19.69035,1.447424,28.35327,1.777691,305.1252,350.7629,20.38,1.506071,28.21618,6.267573,321.0299,271.3315,19.47657,1.439676,28.50372,1.777691,305.1252,350.7629
69,Archery,6,1,12,968,1,False,False,20.2157,1.816657,28.08531,19.33217,310.2617,351.1065,19.68208,1.44238,28.34285,1.96051,303.9977,348.5812,20.37901,1.504324,28.21776,6.542302,320.8913,0.9265068,19.68208,1.44238,28.34285,1.96051,303.9977,348.5812,20.37901,1.504324,28.21776,6.542302,320.8913,270.9265,19.46542,1.433795,28.48907,1.96051,303.9977,348.5812
70,Archery,6,1,12,973,1,False,False,20.2158,1.815831,28.08258,17.93425,310.2673,352.0602,19.67729,1.438209,28.33448,2.573567,302.9692,345.9727,20.37765,1.503201,28.21877,6.609446,320.565,0.6621565,19.67729,1.438209,28.33448,2.573567,302.9692,345.9727,20.37765,1.503201,28.21877,6.609443,320.565,270.6621,19.45814,1.426824,28.47674,2.573567,302.9692,345.9727
71,Archery,6,1,12,985,1,False,False,20.21559,1.815007,28.08027,17.20821,310.1869,352.6102,19.67059,1.435211,28.32561,3.088745,301.5826,345.3206,20.37623,1.50167,28.21992,6.757659,320.3636,0.6869705,19.67059,1.435211,28.32561,3.088745,301.5826,345.3206,20.37623,1.50167,28.21992,6.757661,320.3636,270.687,19.44815,1.421476,28.46247,3.088745,301.5826,345.3206
72,Archery,6,1,12,1000,1,False,False,20.21477,1.814071,28.07878,17.02001,310.1832,352.8251,19.66404,1.433176,28.31672,3.562509,299.9503,345.895,20.37463,1.500065,28.22114,6.980268,320.2232,0.9206762,19.66404,1.433176,28.31672,3.562509,299.9503,345.895,20.37463,1.500065,28.22114,6.980268,320.2232,270.9207,19.43789,1.417283,28.44712,3.562509,299.9503,345.895
73,Archery,6,1,12,1013,1,False,False,20.21415,1.813993,28.0781,17.02302,310.1623,352.922,19.66177,1.434616,28.31036,4.102313,298.175,349.6411,20.37286,1.49871,28.22239,7.179869,320.2314,1.38447,19.66177,1.434616,28.31036,4.102313,298.175,349.6411,20.37286,1.49871,28.22239,7.179868,320.2314,271.3845,19.43183,1.416269,28.4336,4.102313,298.175,349.6411
74,Archery,6,1,12,1027,1,False,False,20.214,1.813519,28.07769,17.26842,310.1578,353.0269,19.66033,1.435508,28.30474,4.72104,296.8942,352.5423,20.37118,1.497413,28.22389,7.368544,320.3069,1.539448,19.66033,1.435508,28.30474,4.72104,296.8942,352.5423,20.37118,1.497413,28.22389,7.368544,320.3069,271.5394,19.42787,1.414348,28.4227,4.72104,296.8942,352.5423
75,Archery,6,1,12,1041,1,False,False,20.21394,1.813057,28.07811,17.66043,310.2011,353.0885,19.66139,1.436716,28.30157,5.368289,296.5486,354.8105,20.36943,1.49651,28.22535,7.539287,320.2179,1.368222,19.66139,1.436716,28.30157,5.368289,296.5486,354.8105,20.36943,1.49651,28.22535,7.539287,320.2179,271.3682,19.42845,1.412615,28.418,5.368289,296.5486,354.8105
76,Archery,6,1,12,1055,1,False,False,20.21365,1.812822,28.07824,18.08865,310.3042,353.1321,19.66406,1.43792,28.30016,5.474252,296.9235,356.0398,20.36751,1.495972,28.22651,7.681105,319.8502,0.78576,19.66406,1.43792,28.30016,5.474252,296.9235,356.0398,20.36751,1.495972,28.22651,7.681105,319.8502,270.7858,19.43192,1.413338,28.41808,5.474252,296.9235,356.0398
77,Archery,6,1,12,1068,1,False,False,20.21285,1.813046,28.07871,18.47866,310.5062,353.1726,19.67001,1.439717,28.30202,4.929697,297.791,355.9471,20.36525,1.495746,28.22736,7.783371,319.3232,0.211027,19.67001,1.439717,28.30202,4.929697,297.791,355.9471,20.36525,1.495746,28.22736,7.78337,319.3232,270.211,19.43949,1.41761,28.42354,4.929697,297.791,355.9471
78,Archery,6,1,12,1083,1,False,False,20.21264,1.813245,28.07904,18.67863,310.7352,353.1473,19.6786,1.44186,28.30713,4.230599,298.7698,354.4397,20.3627,1.495762,28.22804,7.795088,318.7675,-0.003723133,19.6786,1.44186,28.30713,4.230599,298.7698,354.4397,20.3627,1.495762,28.22804,7.795088,318.7675,269.9963,19.44997,1.422934,28.4327,4.230599,298.7698,354.4397
79,Archery,6,1,12,1097,1,False,False,20.21316,1.812769,28.07902,18.8217,311.127,353.0431,19.68654,1.443816,28.31213,3.866741,299.4268,353.3047,20.35992,1.496014,28.22876,7.773916,318.327,0.2599269,19.68654,1.443816,28.31213,3.866741,299.4268,353.3047,20.35992,1.496014,28.22876,7.773916,318.327,270.2599,19.45927,1.426546,28.44038,3.866741,299.4268,353.3047
80,Archery,6,1,12,1110,1,False,False,20.21418,1.812363,28.07908,18.99336,311.6187,353.019,19.69743,1.446809,28.32016,3.690169,300.4891,352.3903,20.35687,1.496501,28.22954,7.623996,318.1206,1.032194,19.69743,1.446809,28.32016,3.690169,300.4891,352.3903,20.35687,1.496501,28.22954,7.623997,318.1206,271.0322,19.47254,1.430342,28.45263,3.690169,300.4891,352.3903
81,Archery,6,1,12,1124,1,False,False,20.21582,1.812083,28.07878,19.209,312.202,353.0868,19.70775,1.450476,28.3277,3.5535,301.7168,352.2988,20.3536,1.497262,28.23041,7.418775,317.9029,1.900645,19.70775,1.450476,28.3277,3.5535,301.7168,352.2988,20.3536,1.497262,28.23041,7.418777,317.9029,271.9006,19.48572,1.434632,28.46498,3.5535,301.7168,352.2988
82,Archery,6,1,12,1141,1,False,False,20.21738,1.811666,28.07866,19.53413,312.9954,353.0984,19.72067,1.456708,28.33789,3.103629,303.1302,353.1493,20.35018,1.498525,28.23127,7.120966,317.5424,2.474223,19.72067,1.456708,28.33789,3.103629,303.1302,353.1493,20.35018,1.498525,28.23127,7.120969,317.5424,272.4742,19.50199,1.442915,28.48067,3.103629,303.1302,353.1493
83,Archery,6,1,12,1152,1,False,False,20.21925,1.81121,28.07853,19.85934,313.8315,353.1172,19.73214,1.4623,28.34624,2.865359,304.2434,354.0024,20.34698,1.499606,28.23224,6.894428,317.1591,2.825805,19.73214,1.4623,28.34624,2.865359,304.2434,354.0024,20.34698,1.499606,28.23224,6.894427,317.1591,272.8258,19.51622,1.449594,28.49326,2.865359,304.2434,354.0024
84,Archery,6,1,12,1166,1,False,False,20.22152,1.810963,28.07879,20.20939,314.8251,353.149,19.74587,1.469666,28.35592,2.430867,305.3389,355.6469,20.34351,1.500986,28.2334,6.699588,316.7856,3.215053,19.74587,1.469666,28.35592,2.430867,305.3389,355.6469,20.34351,1.500986,28.2334,6.699589,316.7856,273.215,19.53273,1.458942,28.50709,2.430867,305.3389,355.6469
85,Archery,6,1,12,1180,1,False,False,20.22372,1.810817,28.07886,20.61401,316.0183,353.2624,19.76091,1.477551,28.36598,1.77636,306.2685,357.0467,20.34019,1.50267,28.23482,6.648325,316.6176,3.661217,19.76091,1.477551,28.36598,1.77636,306.2685,357.0467,20.34019,1.50267,28.23482,6.648325,316.6176,273.6612,19.55016,1.469813,28.52064,1.77636,306.2685,357.0467
86,Archery,6,1,12,1194,1,False,False,20.22649,1.811014,28.07929,20.94618,317.2872,353.4496,19.77752,1.485346,28.3769,1.453127,307.3802,357.7341,20.33681,1.504919,28.23628,6.417754,316.5067,4.355026,19.77752,1.485346,28.3769,1.453127,307.3802,357.7341,20.33681,1.504919,28.23628,6.417754,316.5067,274.355,19.56977,1.479083,28.53564,1.453127,307.3802,357.7341
87,Archery,6,1,12,1208,1,False,False,20.22901,1.811005,28.0792,21.19575,318.6909,353.5944,19.79508,1.492722,28.38839,1.438274,308.8221,357.7365,20.3335,1.50769,28.23763,5.888522,316.4321,5.470139,19.79508,1.492722,28.38839,1.438274,308.8221,357.7365,20.3335,1.50769,28.23763,5.888523,316.4321,275.4701,19.59139,1.486527,28.55231,1.438274,308.8221,357.7365
88,Archery,6,1,12,1222,1,False,False,20.23194,1.811091,28.07942,21.41281,320.225,353.6431,19.81402,1.500496,28.40029,1.274864,310.4265,357.5806,20.33031,1.510989,28.23918,5.162559,316.4375,6.772936,19.81402,1.500496,28.40029,1.274864,310.4265,357.5806,20.33031,1.510989,28.23918,5.16256,316.4375,276.7729,19.61499,1.495046,28.56986,1.274864,310.4265,357.5806
89,Archery,6,1,12,1235,1,False,False,20.23526,1.811125,28.07952,21.59972,321.8614,353.702,19.83421,1.508928,28.41225,0.789487,312.4622,357.5975,20.32728,1.514669,28.24104,4.35042,316.3839,7.872449,19.83421,1.508928,28.41225,0.789487,312.4622,357.5975,20.32728,1.514669,28.24104,4.350421,316.3839,277.8724,19.6413,1.505694,28.58881,0.789487,312.4622,357.5975
90,Archery,6,1,12,1249,1,False,False,20.23913,1.810673,28.07909,21.85765,323.6057,353.7678,19.85527,1.518137,28.42408,359.743,315.086,357.9736,20.32441,1.518517,28.2435,3.51147,316.3814,8.782714,19.85527,1.518137,28.42408,359.743,315.086,357.9736,20.32441,1.518517,28.2435,3.511467,316.3814,278.7827,19.67063,1.519679,28.60929,359.743,315.086,357.9736
91,Archery,6,1,12,1264,1,False,False,20.24309,1.810216,28.07878,22.21462,325.4422,353.8983,19.87646,1.527233,28.4352,358.9039,316.9739,357.8743,20.32203,1.522696,28.2468,2.811719,316.7755,9.443542,19.87646,1.527233,28.4352,358.9039,316.9739,357.8743,20.32203,1.522696,28.2468,2.811717,316.7754,279.4435,19.69806,1.532606,28.62635,358.9039,316.9739,357.8743
92,Archery,6,1,12,1279,1,False,False,20.24654,1.810942,28.0791,22.55779,327.3337,354.1868,19.89713,1.535371,28.44563,358.5247,318.0328,357.0854,20.32004,1.527385,28.25064,2.079432,317.5648,9.973171,19.89713,1.535371,28.44563,358.5247,318.0328,357.0854,20.32004,1.527385,28.25064,2.07943,317.5648,279.9731,19.72233,1.542474,28.64003,358.5247,318.0328,357.0854
93,Archery,6,1,12,1292,1,False,False,20.24973,1.811583,28.07925,22.69559,329.1829,354.4337,19.91806,1.543405,28.45448,357.5941,317.7923,356.2115,20.31824,1.532506,28.25448,1.192976,318.5734,10.75255,19.91806,1.543405,28.45448,357.5941,317.7923,356.2115,20.31824,1.532506,28.25448,1.192975,318.5734,280.7525,19.74254,1.554752,28.64804,357.5941,317.7923,356.2115
94,Archery,6,1,12,1316,1,False,False,20.25359,1.811706,28.07896,22.68894,331.0508,354.5399,19.93978,1.551873,28.46313,356.0725,318.6361,356.8265,20.31669,1.538228,28.25792,0.01516302,319.4611,11.88084,19.93978,1.551873,28.46313,356.0725,318.6361,356.8265,20.31669,1.538228,28.25792,0.01516473,319.4611,281.8808,19.76739,1.570154,28.65895,356.0725,318.6361,356.8265
95,Archery,6,1,12,1321,1,False,False,20.25803,1.812113,28.07858,22.72502,332.9273,354.575,19.96251,1.559794,28.47228,354.7785,320.7458,357.7753,20.31509,1.544067,28.26081,358.5964,320.0305,13.32581,19.96251,1.559794,28.47228,354.7785,320.7458,357.7753,20.31509,1.544067,28.26081,358.5964,320.0305,283.3258,19.79774,1.583962,28.67394,354.7785,320.7458,357.7753
96,Archery,6,1,12,1333,1,False,False,20.26241,1.812747,28.07857,22.77761,334.8057,354.6808,19.9896,1.565114,28.48149,354.1321,324.7068,357.7493,20.31366,1.550463,28.26333,357.0804,320.2727,14.7605,19.9896,1.565114,28.48149,354.1321,324.7068,357.7493,20.31366,1.550463,28.26333,357.0804,320.2727,284.7605,19.83932,1.592219,28.69381,354.1321,324.7068,357.7493
97,Archery,6,1,12,1347,1,False,False,20.26719,1.812874,28.07819,22.78348,336.7307,354.8472,20.01627,1.568695,28.48995,354.0213,327.5037,356.6022,20.3123,1.556731,28.26598,355.8318,320.3385,15.43291,20.01627,1.568695,28.48995,354.0213,327.5037,356.6022,20.3123,1.556731,28.26598,355.8318,320.3385,285.4329,19.87657,1.596303,28.70931,354.0213,327.5037,356.6022
98,Archery,6,1,12,1361,1,False,False,20.27271,1.813093,28.07769,22.85801,338.7477,355.0939,20.04166,1.572564,28.49783,353.9771,329.4192,355.8283,20.31103,1.562737,28.26874,354.8275,320.3389,15.46578,20.04166,1.572564,28.49783,353.9771,329.4192,355.8283,20.31103,1.562737,28.26874,354.8275,320.3389,285.4658,19.90938,1.600372,28.72172,353.9771,329.4192,355.8283
99,Archery,6,1,12,1376,1,False,False,20.27825,1.813021,28.07701,23.01769,340.9343,355.4585,20.06872,1.573141,28.50227,354.9621,331.0408,356.4275,20.31079,1.568711,28.27188,354.1465,320.2319,14.25022,20.06872,1.573141,28.50227,354.9621,331.0408,356.4275,20.31079,1.568711,28.27188,354.1465,320.2319,284.2502,19.94262,1.596475,28.73019,354.9621,331.0408,356.4275
100,Archery,6,1,12,1389,1,False,False,20.28321,1.81291,28.07636,23.25333,343.1808,355.9364,20.09367,1.57574,28.50659,355.4219,333.6901,358.3883,20.31105,1.573652,28.27567,353.3805,321.0174,13.95946,20.09367,1.57574,28.50659,355.4219,333.6901,358.3883,20.31105,1.573652,28.27567,353.3805,321.0174,283.9594,19.97814,1.596983,28.74026,355.4219,333.6901,358.3883
101,Archery,6,1,12,1404,1,False,False,20.28824,1.812945,28.07615,23.51647,345.4908,356.4135,20.1183,1.578459,28.51056,356.0515,336.9022,0.3536974,20.31191,1.577469,28.28031,352.3983,323.0196,15.349,20.1183,1.578459,28.51056,356.0515,336.9022,0.3536974,20.31191,1.577469,28.28031,352.3983,323.0196,285.349,20.01595,1.596837,28.75053,356.0515,336.9022,0.3536974
102,Archery,6,1,12,1417,1,False,False,20.29245,1.813035,28.07602,23.66565,347.7179,356.8562,20.14175,1.580856,28.51415,356.9047,339.7249,0.8721709,20.31321,1.579964,28.28546,351.3077,325.3175,18.10275,20.14175,1.580856,28.51415,356.9047,339.7249,0.8721709,20.31321,1.579964,28.28546,351.3077,325.3175,288.1027,20.05126,1.595347,28.75909,356.9047,339.7249,0.8721709
103,Archery,6,1,12,1431,1,False,False,20.29601,1.812676,28.07523,23.73466,349.8219,357.1941,20.1641,1.58326,28.5174,357.5068,342.0118,0.8153882,20.31482,1.581851,28.29058,350.1379,327.2645,21.21855,20.1641,1.58326,28.5174,357.5068,342.0118,0.8153882,20.31482,1.581851,28.29058,350.1379,327.2645,291.2185,20.08341,1.595006,28.7659,357.5068,342.0118,0.8153882
104,Archery,6,1,12,1444,1,False,False,20.30039,1.812588,28.07482,23.7537,351.7611,357.2845,20.18462,1.585845,28.51983,357.7097,343.9482,0.8840521,20.31658,1.583855,28.29553,349.4029,328.7599,22.93856,20.18462,1.585845,28.51983,357.7097,343.9482,0.8840521,20.31658,1.583855,28.29553,349.4029,328.7599,292.9385,20.11237,1.596666,28.77095,357.7097,343.9482,0.8840521
105,Archery,6,1,12,1459,1,False,False,20.30466,1.812407,28.07402,23.77089,353.5073,357.2134,20.20403,1.588969,28.52165,357.2407,345.3318,0.7327433,20.31939,1.585617,28.3004,349.6715,329.7075,22.33303,20.20403,1.588969,28.52165,357.2407,345.3318,0.7327433,20.31939,1.585617,28.3004,349.6715,329.7075,292.333,20.13788,1.601929,28.77434,357.2407,345.3318,0.7327433
106,Archery,6,1,12,1483,1,False,False,20.30943,1.812547,28.07328,23.83931,355.2867,357.2622,20.22139,1.592392,28.5227,356.2767,345.3918,0.5194893,20.32304,1.587309,28.30459,350.4761,330.0319,19.7494,20.22139,1.592392,28.5227,356.2767,345.3918,0.5194893,20.32304,1.587309,28.30459,350.4761,330.0319,289.7494,20.15557,1.609745,28.77522,356.2767,345.3918,0.5194893
107,Archery,6,1,12,1488,1,False,False,20.31432,1.812826,28.07292,23.87332,357.1035,357.36,20.23682,1.595332,28.52355,355.5759,344.9609,0.5109192,20.32651,1.588994,28.3083,351.1943,330.2477,17.28746,20.23682,1.595332,28.52355,355.5759,344.9609,0.5109192,20.32651,1.588994,28.3083,351.1943,330.2477,287.2874,20.16916,1.615875,28.77534,355.5759,344.9609,0.5109192
108,Archery,6,1,12,1501,1,False,False,20.31752,1.813415,28.07276,23.7884,358.8244,357.4781,20.25276,1.597889,28.52487,355.3887,345.6115,0.8680847,20.33032,1.589926,28.31202,351.5374,331.2062,16.72118,20.25276,1.597889,28.52487,355.3887,345.6115,0.8680847,20.33032,1.589926,28.31202,351.5374,331.2062,286.7212,20.18798,1.619283,28.77735,355.3887,345.6115,0.8680847
109,Archery,6,1,12,1514,1,False,False,20.32026,1.813842,28.07263,23.55546,0.3169481,357.3885,20.2689,1.600147,28.52622,355.6473,346.9159,1.907271,20.33386,1.590133,28.31589,351.3597,332.8176,18.48728,20.2689,1.600147,28.52622,355.6473,346.9159,1.907271,20.33386,1.590133,28.31589,351.3597,332.8176,288.4873,20.20986,1.620364,28.7802,355.6473,346.9159,1.907271
110,Archery,6,1,12,1528,1,False,False,20.32336,1.813757,28.07214,23.25522,1.51191,357.0936,20.2844,1.601538,28.52732,356.547,348.7602,3.477822,20.33762,1.590206,28.31997,350.202,335.1886,22.12401,20.2844,1.601538,28.52732,356.547,348.7602,3.477822,20.33762,1.590206,28.31997,350.202,335.1886,292.124,20.23349,1.617658,28.78334,356.547,348.7602,3.477822
111,Archery,6,1,12,1542,1,False,False,20.32725,1.814132,28.07143,23.03658,2.585214,356.7631,20.2999,1.602206,28.52848,357.5128,350.6878,3.969599,20.34221,1.591034,28.32428,348.8932,337.4909,24.55997,20.2999,1.602206,28.52848,357.5128,350.6878,3.969599,20.34221,1.591034,28.32428,348.8932,337.491,294.56,20.2576,1.613924,28.7863,357.5128,350.6878,3.969599
112,Archery,6,1,12,1556,1,False,False,20.33127,1.814811,28.07146,22.68989,3.769158,356.5202,20.3152,1.602965,28.52963,357.9882,352.3922,3.411684,20.34757,1.592682,28.32822,348.5435,339.1212,24.15951,20.3152,1.602965,28.52963,357.9882,352.3922,3.411684,20.34757,1.592682,28.32822,348.5435,339.1212,294.1595,20.28057,1.612515,28.78869,357.9882,352.3922,3.411684
113,Archery,6,1,12,1570,1,False,False,20.33438,1.816255,28.07226,21.98439,4.816567,356.2031,20.3295,1.603977,28.53053,358.0382,353.6938,2.391614,20.3532,1.594554,28.33141,349.035,339.873,21.64058,20.3295,1.603977,28.53053,358.0382,353.6938,2.391614,20.3532,1.594554,28.33141,349.035,339.873,291.6406,20.30077,1.613299,28.79031,358.0382,353.6938,2.391614
114,Archery,6,1,12,1584,1,False,False,20.33619,1.817627,28.07324,21.01204,5.653125,355.5935,20.34221,1.604906,28.53108,357.7382,354.1864,0.9278435,20.3587,1.595716,28.33422,350.0277,340.2149,18.90557,20.34221,1.604906,28.53108,357.7382,354.1864,0.9278435,20.3587,1.595716,28.33422,350.0277,340.2149,288.9055,20.31573,1.615597,28.79105,357.7382,354.1864,0.9278435
115,Archery,6,1,12,1598,1,False,False,20.33756,1.818491,28.07347,19.62727,6.079149,354.3651,20.35369,1.60605,28.53144,357.1931,354.2791,359.7785,20.36384,1.596029,28.33705,350.6992,340.8036,17.93421,20.35369,1.60605,28.53144,357.1931,354.2791,359.7785,20.36384,1.596029,28.33705,350.6992,340.8036,287.9342,20.32765,1.619226,28.79134,357.1931,354.2791,359.7785
116,Archery,6,1,12,1612,1,False,False,20.33998,1.818656,28.07226,18.13778,6.067668,352.6029,20.36267,1.607265,28.53155,356.844,354.2254,359.8787,20.36893,1.595305,28.33947,350.4047,341.9782,19.7037,20.36267,1.607265,28.53155,356.844,354.2254,359.8787,20.36893,1.595305,28.33947,350.4047,341.9782,289.7037,20.3364,1.622032,28.79134,356.844,354.2254,359.8787
117,Archery,6,1,12,1626,1,False,False,20.34406,1.817797,28.06903,17.19087,5.906129,350.8767,20.37156,1.6081,28.53195,357.0979,354.8346,0.4146015,20.37382,1.594164,28.3411,349.5354,343.1845,22.73274,20.37156,1.6081,28.53195,357.0979,354.8346,0.4146015,20.37382,1.594164,28.3411,349.5354,343.1845,292.7327,20.34804,1.621711,28.79207,357.0979,354.8346,0.4146015
118,Archery,6,1,12,1642,1,False,False,20.3485,1.816285,28.06616,16.94548,5.812659,349.5199,20.37964,1.608456,28.53246,358.0155,356.1247,1.665535,20.37844,1.593094,28.3422,348.8809,344.015,25.48608,20.37964,1.608456,28.53246,358.0155,356.1247,1.665535,20.37844,1.593094,28.3422,348.8809,344.015,295.4861,20.36197,1.617881,28.79322,358.0155,356.1247,1.665535
119,Archery,6,1,12,1654,1,False,False,20.35117,1.81561,28.06458,16.92265,5.859884,348.4453,20.38815,1.608807,28.53306,358.869,357.4485,2.522656,20.38358,1.592865,28.34309,349.1305,344.9271,25.35592,20.38815,1.608807,28.53306,358.869,357.4485,2.522656,20.38358,1.592865,28.34309,349.1305,344.9271,295.3559,20.3765,1.614339,28.79427,358.869,357.4485,2.522656
120,Archery,6,1,12,1668,1,False,False,20.35317,1.814981,28.06331,17.17457,5.843863,347.4008,20.3959,1.609102,28.53342,359.4226,358.6877,2.949608,20.38915,1.593356,28.3426,350.4979,345.1317,22.25775,20.3959,1.609102,28.53342,359.4226,358.6877,2.949608,20.38915,1.593356,28.3426,350.4979,345.1317,292.2578,20.38989,1.612106,28.79486,359.4226,358.6877,2.949608
121,Archery,6,1,12,1682,1,False,False,20.35507,1.815002,28.06274,17.56255,5.811134,346.2711,20.4043,1.609617,28.53379,359.7402,359.8033,2.94547,20.39476,1.594284,28.34189,351.4033,345.6678,19.53698,20.4043,1.609617,28.53379,359.7402,359.8033,2.94547,20.39476,1.594284,28.34189,351.4033,345.6678,289.537,20.40338,1.611172,28.79531,359.7402,359.8033,2.94547
122,Archery,6,1,12,1696,2,False,False,20.35848,1.816216,28.06325,17.84677,5.83217,345.2478,20.41083,1.609879,28.53362,359.4381,0.6100813,1.215104,20.40047,1.596164,28.33791,351.1884,346.008,17.32457,20.41083,1.609879,28.53362,359.4381,0.6100813,1.215104,20.40047,1.596164,28.33791,351.1884,346.008,287.3246,20.41331,1.612538,28.767,359.4381,0.6100813,1.215104
123,Archery,6,1,12,1710,2,False,False,20.36183,1.81719,28.06343,17.87189,6.013979,344.5046,20.41698,1.610393,28.53357,358.809,0.9062168,359.8974,20.40492,1.597272,28.33435,350.7121,346.5544,18.46537,20.41698,1.610393,28.53357,358.809,0.9062168,359.8974,20.40492,1.597272,28.33435,350.7121,346.5544,288.4654,20.4206,1.615514,28.76211,358.809,0.9062168,359.8974
124,Archery,6,1,12,1723,2,False,False,20.36381,1.817286,28.0629,17.66998,6.413922,343.8825,20.42174,1.610942,28.5341,358.3384,0.9239226,359.3029,20.40917,1.598402,28.33017,350.1283,347.4221,20.27086,20.42174,1.610942,28.5341,358.3384,0.9239226,359.3029,20.40917,1.598402,28.33017,350.1283,347.4221,290.2708,20.42537,1.617828,28.75868,358.3384,0.9239226,359.3029
125,Archery,6,1,12,1737,2,False,False,20.36555,1.816914,28.06241,17.43406,6.809634,343.0795,20.42559,1.61126,28.53544,358.3068,0.919394,359.3629,20.41353,1.600202,28.32542,349.9621,347.9843,20.92,20.42559,1.61126,28.53544,358.3068,0.919394,359.3629,20.41353,1.600202,28.32542,349.9621,347.9843,290.92,20.42911,1.618101,28.75432,358.3068,0.919394,359.3629
126,Archery,6,1,12,1751,2,False,False,20.36706,1.816687,28.06176,17.20482,7.097014,342.2328,20.42921,1.611036,28.53709,358.8351,1.316684,359.8912,20.41792,1.602565,28.31968,349.8176,348.3105,20.1619,20.42921,1.611036,28.53709,358.8351,1.316684,359.8912,20.41792,1.602565,28.31968,349.8176,348.3105,290.1619,20.43408,1.615713,28.74887,358.8351,1.316684,359.8912
127,Archery,6,1,12,1765,2,False,False,20.36856,1.816916,28.06093,17.02887,7.218997,341.4963,20.43303,1.610693,28.53886,359.4676,2.22422,0.5413888,20.42212,1.605048,28.31335,349.7302,348.3069,18.67382,20.43303,1.610693,28.53886,359.4676,2.22422,0.5413888,20.42212,1.605048,28.31335,349.7302,348.3069,288.6738,20.44092,1.612953,28.74216,359.4676,2.22422,0.5413888
128,Archery,6,1,12,1779,2,False,False,20.37024,1.817236,28.06056,16.837,7.22184,340.9033,20.43717,1.610608,28.54064,359.9681,3.317113,0.9194763,20.42607,1.607039,28.30704,350.1251,348.2216,17.19974,20.43717,1.610608,28.54064,359.9681,3.317113,0.9194763,20.42607,1.607039,28.30704,350.1251,348.2216,287.1997,20.44842,1.611086,28.73481,359.9681,3.317113,0.9194763
129,Archery,6,1,12,1793,2,False,False,20.37176,1.817365,28.05978,16.66099,7.097583,340.3475,20.4413,1.610381,28.5425,0.3809341,4.537768,0.3593321,20.42961,1.608439,28.30072,350.6213,348.2779,16.39302,20.4413,1.610381,28.5425,0.3809341,4.537768,0.3593321,20.42961,1.608439,28.30072,350.6213,348.2779,286.393,20.456,1.609515,28.72772,0.3809341,4.537768,0.3593321
130,Archery,6,1,12,1818,2,False,False,20.37355,1.81753,28.05937,16.47388,6.971636,339.7337,20.44548,1.610313,28.54452,0.616286,5.483068,359.3086,20.43282,1.609704,28.29432,350.88,348.3659,16.12396,20.44548,1.610313,28.54452,0.616286,5.483068,359.3086,20.43282,1.609704,28.29432,350.88,348.3659,286.124,20.46243,1.608776,28.72099,0.616286,5.483068,359.3086
131,Archery,6,1,12,1823,2,False,False,20.37564,1.817325,28.05861,16.25376,6.90009,339.0626,20.44859,1.610982,28.54721,0.217953,5.879845,357.98,20.43566,1.610932,28.28775,350.7401,348.5095,16.51807,20.44859,1.610982,28.54721,0.217953,5.879845,357.98,20.43566,1.610932,28.28775,350.7401,348.5095,286.5181,20.46585,1.610711,28.71464,0.217953,5.879845,357.98
132,Archery,6,1,12,1835,2,False,False,20.37769,1.816935,28.05771,16.09146,6.976699,338.4323,20.4506,1.612013,28.55041,359.4993,5.556825,356.9572,20.43815,1.612046,28.28089,350.8044,348.5132,16.74319,20.4506,1.612013,28.55041,359.4993,5.556825,356.9572,20.43815,1.612046,28.28089,350.8044,348.5132,286.7432,20.46593,1.613764,28.70779,359.4993,5.556825,356.9572
133,Archery,6,1,12,1849,2,False,False,20.3798,1.816349,28.05687,16.04833,7.159328,337.8994,20.45106,1.613066,28.55464,358.4781,4.423309,355.3626,20.44039,1.613415,28.27383,351.0168,348.1681,16.24113,20.45106,1.613066,28.55464,358.4781,4.423309,355.3626,20.44039,1.613415,28.27383,351.0168,348.1681,286.2411,20.46249,1.617362,28.70203,358.4781,4.423309,355.3626
134,Archery,6,1,12,1863,2,False,False,20.38122,1.816136,28.05646,16.12616,7.34638,337.5374,20.45064,1.614128,28.55957,357.8745,3.264969,354.2932,20.44261,1.61525,28.26675,351.2849,347.8593,15.06282,20.45064,1.614128,28.55957,357.8745,3.264969,354.2932,20.44261,1.61525,28.26675,351.2849,347.8593,285.0628,20.45838,1.619512,28.69451,357.8745,3.264969,354.2932
135,Archery,6,1,12,1876,2,False,False,20.38254,1.815941,28.05657,16.20887,7.415392,337.2253,20.44999,1.615704,28.565,357.5845,2.756196,354.1212,20.44448,1.617542,28.25948,351.7593,347.0852,12.59289,20.44999,1.615704,28.565,357.5845,2.756196,354.1212,20.44448,1.617542,28.25948,351.7593,347.0852,282.5929,20.45591,1.621229,28.68712,357.5845,2.756196,354.1212
136,Archery,6,1,12,1890,2,False,False,20.38349,1.815409,28.05593,16.3115,7.410513,336.819,20.44948,1.61781,28.57085,357.4464,2.783096,354.4991,20.44617,1.619524,28.2523,351.9613,346.5667,10.51853,20.44948,1.61781,28.57085,357.4464,2.783096,354.4991,20.44617,1.619524,28.2523,351.9613,346.5667,280.5185,20.45485,1.623079,28.68061,357.4464,2.783096,354.4991
137,Archery,6,1,12,1905,2,False,False,20.38494,1.814712,28.0549,16.47135,7.424977,336.3276,20.44891,1.620239,28.57734,357.8772,3.13597,355.5547,20.44734,1.620465,28.24543,351.7856,346.9937,10.65649,20.44891,1.620239,28.57734,357.8772,3.13597,355.5547,20.44734,1.620465,28.24543,351.7856,346.9937,280.6565,20.45417,1.624151,28.67278,357.8772,3.13597,355.5547
138,Archery,6,1,12,1918,2,False,False,20.38664,1.814153,28.05452,16.70962,7.531915,335.728,20.44827,1.622544,28.58373,358.1866,3.326263,356.1495,20.44808,1.62054,28.23844,351.524,347.6154,11.9843,20.44827,1.622544,28.58373,358.1866,3.326263,356.1495,20.44808,1.62054,28.23844,351.524,347.6154,281.9843,20.45305,1.625509,28.66557,358.1866,3.326263,356.1495
139,Archery,6,1,12,1932,2,False,False,20.38795,1.814293,28.0544,16.92518,7.644575,335.0502,20.44716,1.624696,28.59064,358.6264,3.170979,355.7516,20.44778,1.619838,28.23112,351.4776,347.9946,13.20337,20.44716,1.624696,28.59064,358.6264,3.170979,355.7516,20.44778,1.619838,28.23112,351.4776,347.9946,283.2034,20.45097,1.626704,28.65889,358.6264,3.170979,355.7516
140,Archery,6,1,12,1946,2,False,False,20.38859,1.814618,28.05441,17.0258,7.668432,334.4415,20.44643,1.626441,28.59672,358.7755,2.62135,354.0171,20.44787,1.620463,28.2243,352.0681,347.2804,11.23853,20.44643,1.626441,28.59672,358.7755,2.62135,354.0171,20.44787,1.620463,28.2243,352.0681,347.2804,281.2385,20.4489,1.627945,28.64981,358.7755,2.62135,354.0171
141,Archery,6,1,12,1960,2,False,False,20.38987,1.814581,28.05424,17.01571,7.540541,333.7518,20.44605,1.628276,28.60226,358.6597,2.032512,351.8344,20.44785,1.621397,28.21735,352.7877,346.1077,7.762982,20.44605,1.628276,28.60226,358.6597,2.032512,351.8344,20.44785,1.621397,28.21735,352.7877,346.1077,277.763,20.44753,1.629579,28.64229,358.6597,2.032512,351.8344
142,Archery,6,1,12,1977,2,False,False,20.39139,1.814642,28.05357,16.96786,7.387538,333.0338,20.44559,1.630927,28.60633,358.3134,1.521382,349.3487,20.44694,1.621563,28.21074,353.6335,344.8599,4.750792,20.44559,1.630927,28.60633,358.3134,1.521382,349.3487,20.44694,1.621563,28.21074,353.6335,344.8599,274.7508,20.4464,1.632114,28.63428,358.3134,1.521382,349.3487
143,Archery,6,1,12,1988,2,False,False,20.39306,1.814761,28.05304,16.95539,7.325459,332.4424,20.44458,1.634536,28.61032,358.0127,1.471224,348.9427,20.44592,1.62107,28.20422,353.9653,344.3204,4.659826,20.44458,1.634536,28.61032,358.0127,1.471224,348.9427,20.44592,1.62107,28.20422,353.9653,344.3204,274.6598,20.4451,1.635507,28.62783,358.0127,1.471224,348.9427
144,Archery,6,1,12,2002,2,False,False,20.395,1.815058,28.05358,16.81303,7.372366,332.0499,20.44321,1.638444,28.61442,357.5207,1.215057,349.2137,20.44477,1.620346,28.19777,354.0337,344.607,6.164777,20.44321,1.638444,28.61442,357.5207,1.215057,349.2137,20.44477,1.620346,28.19777,354.0337,344.607,276.1648,20.44342,1.639105,28.62129,357.5207,1.215057,349.2137
145,Archery,6,1,12,2016,2,False,False,20.39608,1.815361,28.05365,16.54054,7.415965,331.8152,20.44123,1.644253,28.61684,356.7577,1.260158,350.6264,20.44287,1.619858,28.19161,353.0239,345.7316,10.07702,20.44123,1.644253,28.61684,356.7577,1.260158,350.6264,20.44287,1.619858,28.19161,353.0239,345.7316,280.077,20.44123,1.644457,28.61399,356.7577,1.260158,350.6264
146,Archery,6,1,12,2030,2,False,False,20.39669,1.814885,28.05314,16.26007,7.395512,331.6632,20.44061,1.648692,28.61952,356.4742,1.854241,350.6407,20.4418,1.620749,28.18597,352.2055,346.0493,11.11804,20.44061,1.648692,28.61952,356.4742,1.854241,350.6407,20.4418,1.620749,28.18597,352.2055,346.0493,281.118,20.44028,1.648323,28.6076,356.4742,1.854241,350.6407
147,Archery,6,1,12,2043,2,False,False,20.39755,1.813759,28.05237,16.09397,7.365398,331.4091,20.44012,1.652799,28.62194,356.3945,2.365243,350.2953,20.44125,1.622231,28.18087,351.9784,345.9684,10.07932,20.44012,1.652799,28.62194,356.3945,2.365243,350.2953,20.44125,1.622231,28.18087,351.9784,345.9684,280.0793,20.43938,1.651941,28.60253,356.3945,2.365243,350.2953
148,Archery,6,1,12,2058,2,False,False,20.39872,1.812616,28.05129,16.09817,7.432912,331.1906,20.43911,1.656654,28.62426,356.5048,2.697609,350.1693,20.44078,1.623622,28.17596,352.2302,345.5019,8.22157,20.43911,1.656654,28.62426,356.5048,2.697609,350.1693,20.44078,1.623622,28.17596,352.2302,345.5019,278.2216,20.43793,1.655402,28.59781,356.5048,2.697609,350.1693
149,Archery,6,1,12,2072,2,False,False,20.39986,1.811748,28.0504,16.2728,7.527364,330.9761,20.43748,1.660346,28.62646,356.6667,2.611089,350.31,20.44003,1.625062,28.1711,352.4185,344.7143,6.866179,20.43748,1.660346,28.62646,356.6667,2.611089,350.31,20.44003,1.625062,28.1711,352.4185,344.7143,276.8661,20.43604,1.658777,28.59329,356.6667,2.611089,350.31
150,Archery,6,1,12,2085,2,False,False,20.40065,1.811326,28.05032,16.48885,7.663622,330.7393,20.43543,1.663703,28.62844,356.8505,2.126612,350.7631,20.43915,1.626457,28.16658,352.4576,344.1559,6.439006,20.43543,1.663703,28.62844,356.8505,2.126612,350.7631,20.43915,1.626457,28.16658,352.4576,344.1559,276.439,20.43401,1.661872,28.58855,356.8505,2.126612,350.7631
151,Archery,6,1,12,2100,2,False,False,20.40169,1.811455,28.05054,16.63613,7.817201,330.5262,20.43355,1.66656,28.63032,356.905,1.568501,351.169,20.43828,1.628015,28.16235,352.1941,344.0008,6.799882,20.43355,1.66656,28.63032,356.905,1.568501,351.169,20.43828,1.628015,28.16235,352.1941,344.0008,276.7999,20.43234,1.664426,28.5841,356.905,1.568501,351.169
152,Archery,6,1,12,2113,2,False,False,20.40254,1.811295,28.05052,16.63736,7.910663,330.3994,20.43259,1.668607,28.63178,356.9495,1.394154,350.875,20.43764,1.629904,28.15888,351.6538,344.2227,7.409251,20.43259,1.668607,28.63178,356.9495,1.394154,350.875,20.43764,1.629904,28.15888,351.6538,344.2227,277.4092,20.43138,1.666203,28.57982,356.9495,1.394154,350.875
153,Archery,6,1,12,2127,2,False,False,20.40344,1.810337,28.04988,16.61666,7.974831,330.2712,20.43236,1.670027,28.63297,357.1049,1.487593,350.0808,20.43725,1.632174,28.15561,351.0047,344.4116,7.59142,20.43236,1.670027,28.63297,357.1049,1.487593,350.0808,20.43725,1.632174,28.15561,351.0047,344.4116,277.5914,20.43096,1.667546,28.57669,357.1049,1.487593,350.0808
154,Archery,6,1,12,2152,2,False,False,20.40427,1.809567,28.049,16.71209,8.038129,330.1187,20.4326,1.670841,28.6338,357.3375,1.834995,349.1147,20.43687,1.634387,28.15244,350.6879,344.5258,7.420382,20.4326,1.670841,28.6338,357.3375,1.834995,349.1147,20.43687,1.634387,28.15244,350.6879,344.5258,277.4204,20.43075,1.668414,28.57383,357.3375,1.834995,349.1147
155,Archery,6,1,12,2156,2,False,False,20.40565,1.809094,28.04857,16.83365,8.180798,329.927,20.43319,1.67126,28.63448,357.8252,2.686154,348.4825,20.43636,1.636641,28.14926,350.4823,344.1477,6.980683,20.43319,1.67126,28.63448,357.8252,2.686154,348.4825,20.43636,1.636641,28.14926,350.4823,344.1477,276.9807,20.4303,1.669224,28.57139,357.8252,2.686154,348.4825
156,Archery,6,1,12,2169,2,False,False,20.40646,1.808948,28.04818,16.91877,8.316326,329.8258,20.43345,1.672012,28.63506,358.1096,3.425632,348.2462,20.43569,1.638962,28.14592,350.2388,343.501,6.569015,20.43345,1.672012,28.63506,358.1096,3.425632,348.2462,20.43569,1.638962,28.14592,350.2388,343.501,276.569,20.42956,1.670187,28.56894,358.1096,3.425632,348.2462
157,Archery,6,1,12,2183,2,False,False,20.407,1.808681,28.04789,16.97365,8.420265,329.7589,20.43275,1.673166,28.63557,357.9628,3.500111,348.6485,20.43505,1.641178,28.14286,350.1667,342.9085,5.889166,20.43275,1.673166,28.63557,357.9628,3.500111,348.6485,20.43505,1.641178,28.14286,350.1667,342.9085,275.8892,20.4286,1.671073,28.56665,357.9628,3.500111,348.6485
158,Archery,6,1,12,2197,2,False,False,20.40762,1.808382,28.04759,16.99002,8.454782,329.6535,20.43127,1.674562,28.6362,357.6474,3.123101,349.2757,20.43438,1.643331,28.13998,350.0274,342.6448,5.560775,20.43127,1.674562,28.6362,357.6474,3.123101,349.2757,20.43438,1.643331,28.13998,350.0274,342.6448,275.5608,20.42739,1.671947,28.56378,357.6474,3.123101,349.2757
159,Archery,6,1,12,2211,2,False,False,20.40843,1.807971,28.04707,17.01645,8.480131,329.5082,20.42964,1.67572,28.63664,357.4189,2.631819,349.5195,20.43362,1.645358,28.13734,349.809,342.5446,5.649591,20.42964,1.67572,28.63664,357.4189,2.631819,349.5195,20.43362,1.645358,28.13734,349.809,342.5446,275.6496,20.42621,1.672654,28.56063,357.4189,2.631819,349.5195
160,Archery,6,1,12,2225,2,False,False,20.40935,1.807631,28.04667,17.01375,8.628009,329.2616,20.42807,1.6762,28.63682,357.1248,2.144287,349.1916,20.43267,1.647117,28.13481,349.268,342.634,6.397764,20.42807,1.6762,28.63682,357.1248,2.144287,349.1916,20.43267,1.647117,28.13481,349.268,342.634,276.3977,20.42518,1.672595,28.55784,357.1248,2.144287,349.1916
161,Archery,6,1,12,2238,2,False,False,20.40998,1.807195,28.04626,17.02277,8.820862,329.0247,20.4269,1.676574,28.63719,356.9643,1.838944,348.6272,20.43179,1.648789,28.13225,348.8002,342.7073,6.987015,20.4269,1.676574,28.63719,356.9643,1.838944,348.6272,20.43179,1.648789,28.13225,348.8002,342.7073,276.987,20.42435,1.672606,28.55557,356.9643,1.838944,348.6272
162,Archery,6,1,12,2253,2,False,False,20.4103,1.806811,28.04592,17.02105,9.021469,328.8225,20.42592,1.676145,28.63772,356.9487,1.604663,347.8819,20.43085,1.649626,28.13044,348.5891,342.832,7.54065,20.42592,1.676145,28.63772,356.9487,1.604663,347.8819,20.43085,1.649626,28.13044,348.5891,342.832,277.5406,20.42363,1.672003,28.55325,356.9487,1.604663,347.8819
163,Archery,6,1,12,2266,2,False,False,20.41016,1.806452,28.04547,17.08776,9.156403,328.6591,20.42511,1.675578,28.63842,357.1405,1.53727,347.4955,20.42994,1.650641,28.12846,348.5793,342.6443,7.362286,20.42511,1.675578,28.63842,357.1405,1.53727,347.4955,20.42994,1.650641,28.12846,348.5793,342.6443,277.3623,20.42286,1.671615,28.55186,357.1405,1.53727,347.4955
164,Archery,6,1,12,2280,2,False,False,20.40991,1.805827,28.04507,17.23013,9.223053,328.5331,20.42434,1.675093,28.639,357.4113,1.504461,347.4524,20.42899,1.651596,28.12645,348.6704,342.0403,6.522784,20.42434,1.675093,28.639,357.4113,1.504461,347.4524,20.42899,1.651596,28.12645,348.6704,342.0403,276.5228,20.42208,1.67143,28.55002,357.4113,1.504461,347.4524
165,Archery,6,1,12,2294,2,False,False,20.41008,1.805719,28.04478,17.40306,9.187788,328.5309,20.42383,1.674037,28.63928,358.0236,1.816146,348.211,20.42779,1.65213,28.12458,348.8852,341.212,5.553124,20.42383,1.674037,28.63928,358.0236,1.816146,348.211,20.42779,1.65213,28.12458,348.8852,341.212,275.5531,20.42101,1.671245,28.54793,358.0236,1.816146,348.211
166,Archery,6,1,12,2310,2,False,False,20.41016,1.805943,28.0449,17.53316,9.148097,328.5861,20.42331,1.672919,28.63956,358.6408,2.114813,348.8092,20.42648,1.652354,28.12305,349.0469,340.5031,5.277695,20.42331,1.672919,28.63956,358.6408,2.114813,348.8092,20.42648,1.652354,28.12305,349.0469,340.5031,275.2777,20.41994,1.671071,28.54643,358.6408,2.114813,348.8092
167,Archery,6,1,12,2322,2,False,False,20.41046,1.80594,28.04464,17.54444,9.159473,328.5169,20.42283,1.672019,28.64009,359.1369,2.349207,349.0405,20.42538,1.652743,28.12156,348.9113,340.1617,5.476612,20.42283,1.672019,28.64009,359.1369,2.349207,349.0405,20.42538,1.652743,28.12156,348.9113,340.1617,275.4766,20.41902,1.670955,28.54548,359.1369,2.349207,349.0405
168,Archery,6,1,12,2336,2,False,False,20.41051,1.806014,28.0444,17.52015,9.181118,328.4204,20.42266,1.67053,28.64093,359.5051,2.681947,348.5117,20.42459,1.652605,28.12086,348.6942,340.4058,6.286912,20.42266,1.67053,28.64093,359.5051,2.681947,348.5117,20.42459,1.652605,28.12086,348.6942,340.4058,276.2869,20.41823,1.670062,28.54485,359.5051,2.681947,348.5117
169,Archery,6,1,12,2350,2,False,False,20.41069,1.805836,28.0439,17.50875,9.224419,328.375,20.42185,1.669386,28.64161,359.3496,2.456181,347.6917,20.42404,1.652532,28.1203,348.42,340.7771,6.999112,20.42185,1.669386,28.64161,359.3496,2.456181,347.6917,20.42404,1.652532,28.1203,348.42,340.7771,276.9991,20.41776,1.668643,28.54439,359.3496,2.456181,347.6917
170,Archery,6,1,12,2364,2,False,False,20.41095,1.805772,28.04346,17.51576,9.224912,328.409,20.42049,1.668351,28.64231,359.0836,1.825945,347.1828,20.42353,1.652617,28.11992,348.2406,340.8519,7.348538,20.42049,1.668351,28.64231,359.0836,1.825945,347.1828,20.42353,1.652617,28.11992,348.2406,340.8519,277.3485,20.41743,1.667132,28.54362,359.0836,1.825945,347.1828
171,Archery,6,1,12,2378,2,False,False,20.41113,1.805982,28.04336,17.5138,9.179572,328.508,20.41921,1.667264,28.64295,359.208,1.378567,347.0825,20.42319,1.652792,28.11972,348.1697,340.8311,7.420249,20.41921,1.667264,28.64295,359.208,1.378567,347.0825,20.42319,1.652792,28.11972,348.1697,340.8311,277.4202,20.41689,1.666244,28.54309,359.208,1.378567,347.0825
172,Archery,6,1,12,2392,2,False,False,20.41111,1.805979,28.04316,17.47121,9.161403,328.6271,20.41808,1.666152,28.64352,359.5535,1.124269,347.2966,20.42307,1.653048,28.11967,348.2347,340.5842,7.013753,20.41808,1.666152,28.64352,359.5535,1.124269,347.2966,20.42307,1.653048,28.11967,348.2347,340.5842,277.0137,20.41619,1.66573,28.54313,359.5535,1.124269,347.2966
173,Archery,6,1,12,2410,2,False,False,20.41118,1.805911,28.0429,17.47851,9.148909,328.6627,20.41727,1.665222,28.64399,359.8696,1.286334,347.689,20.42324,1.653283,28.11977,348.4055,340.1591,6.319335,20.41727,1.665222,28.64399,359.8696,1.286334,347.689,20.42324,1.653283,28.11977,348.4055,340.1591,276.3193,20.41508,1.665353,28.54321,359.8696,1.286334,347.689
174,Archery,6,1,12,2420,2,False,False,20.41134,1.806044,28.04285,17.48851,9.161951,328.6555,20.41656,1.664364,28.64442,0.03345105,1.389891,347.8301,20.42313,1.653547,28.11966,348.3939,339.9447,6.223069,20.41656,1.664364,28.64442,0.03345105,1.389891,347.8301,20.42313,1.653547,28.11966,348.3939,339.9447,276.2231,20.41419,1.664784,28.54353,0.03345105,1.389891,347.8301
175,Archery,6,1,12,2434,2,False,False,20.41186,1.8061,28.04294,17.45234,9.219007,328.6227,20.41593,1.663356,28.64485,0.3592897,1.540187,348.0432,20.4232,1.653641,28.11987,348.3676,339.9082,6.281842,20.41593,1.663356,28.64485,0.3592897,1.540187,348.0432,20.4232,1.653641,28.11987,348.3676,339.9082,276.2818,20.41329,1.664353,28.54366,0.3592897,1.540187,348.0432
176,Archery,6,1,12,2447,2,False,False,20.41212,1.806067,28.04287,17.4188,9.289584,328.6382,20.41515,1.662268,28.64513,0.7956876,1.565207,348.6414,20.42348,1.653363,28.12029,348.2908,340.177,6.490052,20.41515,1.662268,28.64513,0.7956876,1.565207,348.6414,20.42348,1.653363,28.12029,348.2908,340.177,276.4901,20.41246,1.664033,28.54413,0.7956876,1.565207,348.6414
177,Archery,6,1,12,2462,2,False,False,20.41217,1.806022,28.04297,17.39495,9.355671,328.7085,20.41421,1.661569,28.64538,0.8938355,1.147276,349.2754,20.42342,1.653526,28.12047,348.1258,340.2424,6.741028,20.41421,1.661569,28.64538,0.8938355,1.147276,349.2754,20.42342,1.653526,28.12047,348.1258,340.2424,276.741,20.41227,1.663501,28.54481,0.8938355,1.147276,349.2754
178,Archery,6,1,12,2478,2,False,False,20.41161,1.80596,28.04314,17.36685,9.370235,328.7233,20.41377,1.661101,28.64559,0.8194716,0.9173485,349.2547,20.42322,1.65369,28.12076,347.8817,340.3351,7.273038,20.41377,1.661101,28.64559,0.8194716,0.9173485,349.2547,20.42322,1.65369,28.12076,347.8817,340.3351,277.273,20.41223,1.662905,28.54486,0.8194716,0.9173485,349.2547
179,Archery,6,1,12,2489,2,False,False,20.41152,1.805868,28.04329,17.36975,9.338412,328.6803,20.41378,1.66086,28.64562,0.4757013,0.9761493,348.5372,20.42322,1.653728,28.12091,347.7369,340.4727,7.511251,20.41378,1.66086,28.64562,0.4757013,0.9761493,348.5372,20.42322,1.653728,28.12091,347.7369,340.4727,277.5112,20.41214,1.662059,28.54495,0.4757013,0.9761493,348.5372
180,Archery,6,1,12,2503,2,False,False,20.41168,1.805741,28.04334,17.41593,9.262375,328.5891,20.41368,1.660864,28.64575,0.1828698,1.082673,347.8799,20.42326,1.653761,28.12099,347.6151,340.5128,7.767791,20.41368,1.660864,28.64575,0.1828698,1.082673,347.8799,20.42326,1.653761,28.12099,347.6151,340.5128,277.7678,20.41186,1.661546,28.54522,0.1828698,1.082673,347.8799
181,Archery,6,1,12,2517,2,False,False,20.41215,1.805592,28.04358,17.47083,9.248024,328.5407,20.41308,1.660944,28.64596,0.1183847,1.060504,347.8692,20.4234,1.653759,28.12105,347.6465,340.508,7.757246,20.41308,1.660944,28.64596,0.1183847,1.060504,347.8692,20.4234,1.653759,28.12105,347.6465,340.508,277.7572,20.4113,1.661513,28.54538,0.1183847,1.060504,347.8692
182,Archery,6,1,12,2531,2,False,False,20.41242,1.805479,28.0438,17.54089,9.281197,328.5912,20.41206,1.66117,28.64618,0.2206465,0.8915631,348.514,20.42352,1.653857,28.12091,347.7855,340.4026,7.32352,20.41206,1.66117,28.64618,0.2206465,0.8915631,348.514,20.42352,1.653857,28.12091,347.7855,340.4026,277.3235,20.41056,1.66192,28.54542,0.2206465,0.8915631,348.514
183,Archery,6,1,12,2546,2,False,False,20.41254,1.805587,28.04432,17.63179,9.32601,328.625,20.41097,1.661259,28.64641,0.4227196,0.6546193,349.4007,20.42374,1.654029,28.12122,347.8503,340.2466,6.986044,20.41097,1.661259,28.64641,0.4227196,0.6546193,349.4007,20.42374,1.654029,28.12122,347.8503,340.2466,276.986,20.40989,1.662369,28.54523,0.4227196,0.6546193,349.4007
184,Archery,6,1,12,2559,2,False,False,20.41224,1.805722,28.0447,17.69437,9.363728,328.6635,20.41026,1.661128,28.64659,0.5329592,0.4053561,349.7816,20.42375,1.654076,28.1213,347.8907,340.1444,6.914276,20.41026,1.661128,28.64659,0.5329592,0.4053561,349.7816,20.42375,1.654076,28.1213,347.8907,340.1444,276.9143,20.40961,1.662432,28.54551,0.5329592,0.4053561,349.7816
185,Archery,6,1,12,2573,2,False,False,20.41206,1.805627,28.04506,17.7639,9.388946,328.7087,20.41011,1.660912,28.64666,0.3682186,0.2438227,349.3743,20.42363,1.654096,28.12123,347.8284,340.1703,7.095582,20.41011,1.660912,28.64666,0.3682186,0.2438227,349.3743,20.42363,1.654096,28.12123,347.8284,340.1703,277.0956,20.40975,1.661927,28.54531,0.3682186,0.2438227,349.3743
186,Archery,6,1,12,2586,2,False,False,20.4118,1.805486,28.04553,17.84099,9.334476,328.7431,20.41038,1.660754,28.64671,0.1131387,0.3976456,348.6267,20.42357,1.654041,28.12147,347.7779,340.0922,7.323994,20.41038,1.660754,28.64671,0.1131387,0.3976456,348.6267,20.42357,1.654041,28.12147,347.7779,340.0922,277.324,20.40974,1.661317,28.54523,0.1131387,0.3976456,348.6267
187,Archery,6,1,12,2601,2,False,False,20.41178,1.805351,28.04564,17.95231,9.265369,328.8082,20.41032,1.660497,28.64681,0.01338488,0.5661676,348.1838,20.42356,1.65386,28.12177,347.7781,340.075,7.457973,20.41032,1.660497,28.64681,0.01338488,0.5661676,348.1838,20.42356,1.65386,28.12177,347.7781,340.075,277.4579,20.4094,1.660883,28.54562,0.01338488,0.5661676,348.1838
188,Archery,6,1,12,2614,2,False,False,20.412,1.805141,28.04593,18.08398,9.242039,328.9122,20.41033,1.660686,28.6468,0.2234704,0.8717945,348.5642,20.42356,1.65354,28.12235,347.8488,340.0679,7.495323,20.41033,1.660686,28.6468,0.2234704,0.8717945,348.5642,20.42356,1.65354,28.12235,347.8488,340.0679,277.4953,20.40887,1.661441,28.54618,0.2234704,0.8717945,348.5642
189,Archery,6,1,12,2628,2,False,False,20.41235,1.805167,28.04649,18.22994,9.265149,329.0444,20.40929,1.660589,28.64713,0.4921053,1.045536,349.3575,20.42351,1.653122,28.12323,347.9444,340.0576,7.586995,20.40929,1.660589,28.64713,0.4921053,1.045536,349.3575,20.42351,1.653122,28.12323,347.9444,340.0576,277.587,20.40754,1.661809,28.54729,0.4921053,1.045536,349.3575
190,Archery,6,1,12,2645,2,False,False,20.41194,1.80543,28.04732,18.25893,9.293408,329.2258,20.40834,1.660729,28.64766,0.7366309,0.745306,350.1842,20.42356,1.652593,28.12424,348.4082,339.8628,7.143753,20.40834,1.660729,28.64766,0.7366309,0.745306,350.1842,20.42356,1.652593,28.12424,348.4082,339.8628,277.1437,20.40711,1.662368,28.54855,0.7366309,0.745306,350.1842
191,Archery,6,1,12,2656,2,False,False,20.41152,1.805529,28.04783,18.25197,9.256159,329.3364,20.40782,1.660587,28.64805,0.9049475,0.5233794,350.5189,20.42352,1.652416,28.12461,348.7816,339.5065,6.709006,20.40782,1.660587,28.64805,0.9049475,0.5233794,350.5189,20.42352,1.652416,28.12461,348.7816,339.5064,276.709,20.40698,1.662512,28.54923,0.9049475,0.5233794,350.5189
192,Archery,6,1,12,2670,2,False,False,20.41106,1.805296,28.04809,18.26405,9.152764,329.2834,20.40763,1.660284,28.64849,1.072506,0.4997723,350.5042,20.42338,1.652497,28.1244,348.7602,339.2898,6.602631,20.40763,1.660284,28.64849,1.072506,0.4997723,350.5042,20.42338,1.652497,28.1244,348.7602,339.2898,276.6026,20.40682,1.662505,28.54934,1.072506,0.4997723,350.5042
193,Archery,6,1,12,2684,2,False,False,20.4112,1.805132,28.04836,18.34012,9.055886,329.1526,20.40768,1.660077,28.6489,1.113908,0.9535344,350.2297,20.4232,1.65278,28.12396,348.4927,339.4662,7.021399,20.40768,1.660077,28.6489,1.113908,0.9535344,350.2297,20.4232,1.65278,28.12396,348.4927,339.4662,277.0214,20.40608,1.662383,28.54904,1.113908,0.9535344,350.2297
194,Archery,6,1,12,2698,2,False,False,20.41183,1.805247,28.04892,18.42808,9.016132,329.133,20.40736,1.660087,28.6492,0.9887619,1.101644,350.0228,20.42303,1.652597,28.12426,348.6202,339.8983,7.391312,20.40736,1.660087,28.6492,0.9887619,1.101644,350.0228,20.42303,1.652597,28.12426,348.6202,339.8983,277.3913,20.40549,1.662189,28.54856,0.9887619,1.101644,350.0228
195,Archery,6,1,12,2712,2,False,False,20.41206,1.805616,28.04982,18.43531,8.991018,329.2429,20.40613,1.659952,28.6499,0.955502,0.8570305,350.3038,20.4231,1.653263,28.12499,349.0018,339.903,6.93845,20.40613,1.659952,28.6499,0.955502,0.8570305,350.3038,20.4231,1.653263,28.12499,349.0018,339.903,276.9384,20.4047,1.661981,28.55012,0.955502,0.8570305,350.3038
196,Archery,6,1,12,2726,3,False,False,20.41134,1.805731,28.05069,18.32988,8.959325,329.3081,20.40487,1.659627,28.6506,1.108091,0.1496621,350.7556,20.42313,1.653766,28.1243,348.5666,339.7135,6.37772,20.40487,1.659627,28.6506,1.108091,0.1496621,350.7556,20.42313,1.653766,28.1243,348.5666,339.7135,276.3777,20.4072,1.65652,28.77533,1.362195,0.760375,350.4488
197,Archery,6,1,12,2740,3,False,False,20.41102,1.805475,28.0508,18.22319,8.86758,329.2157,20.40428,1.659139,28.65117,1.4791,359.8929,351.4136,20.42286,1.653812,28.12418,348.5875,339.7257,6.88041,20.40428,1.659139,28.65117,1.4791,359.8929,351.4136,20.42286,1.653812,28.12418,348.5875,339.7257,276.8804,20.41018,1.648968,29.00009,1.924363,0.7603749,350.4487
198,Archery,6,1,12,2754,3,False,False,20.41075,1.804867,28.05064,18.26098,8.745721,329.1379,20.40452,1.658801,28.65162,1.825652,0.2837003,351.8552,20.42294,1.653797,28.12425,348.5666,339.8138,7.083303,20.40452,1.658801,28.65162,1.825652,0.2837003,351.8552,20.42294,1.653797,28.12425,348.5666,339.8138,277.0833,20.41217,1.642707,29.14992,2.298943,0.7603749,350.4485
199,Archery,6,1,12,2768,3,False,False,20.41077,1.804708,28.05101,18.36877,8.597853,329.1015,20.4051,1.658777,28.65193,1.735242,0.9120727,351.6063,20.42299,1.653798,28.12431,348.6395,339.7783,6.994656,20.4051,1.658777,28.65193,1.735242,0.9120727,351.6063,20.42299,1.653798,28.12431,348.6395,339.7783,276.9947,20.41515,1.631476,29.37468,2.860434,0.7603749,350.4484
200,Archery,6,1,12,2782,3,False,False,20.41079,1.805156,28.05186,18.4467,8.467832,329.0996,20.40528,1.658877,28.65225,1.491094,1.220412,350.9675,20.42327,1.653527,28.12448,348.8375,339.6655,6.785696,20.40528,1.658877,28.65225,1.491094,1.220412,350.9675,20.42327,1.653527,28.12448,348.8375,339.6655,276.7857,20.41813,1.618037,29.59944,3.421375,0.7603751,350.4482
201,Archery,6,1,12,2796,3,False,False,20.41089,1.805589,28.05253,18.43893,8.336835,329.1161,20.40478,1.658801,28.65284,1.470946,1.154953,350.6889,20.42342,1.65325,28.12458,348.9874,339.5701,6.806166,20.40478,1.658801,28.65284,1.470946,1.154953,350.6889,20.42342,1.65325,28.12458,348.9874,339.5701,276.8062,20.42111,1.602392,29.82419,3.98166,0.760375,350.4481
202,Archery,6,1,12,2812,3,False,False,20.41095,1.805523,28.05289,18.36307,8.25724,329.1154,20.4037,1.658553,28.65367,1.777647,0.849396,351.055,20.42365,1.653018,28.12471,349.13,339.603,6.873474,20.4037,1.658553,28.65367,1.777647,0.849396,351.055,20.42365,1.653018,28.12471,349.13,339.603,276.8735,20.42409,1.584539,30.04895,4.541184,0.7603748,350.448
203,Archery,6,1,12,2823,3,False,False,20.41097,1.805366,28.05304,18.34319,8.183427,329.1563,20.40259,1.658259,28.65453,2.082608,0.4951494,351.6994,20.42378,1.65291,28.12476,349.1263,339.6252,6.92304,20.40259,1.658259,28.65453,2.082608,0.4951494,351.6994,20.42378,1.65291,28.12476,349.1263,339.6252,276.923,20.42608,1.571411,30.19879,4.913725,0.7603749,350.4478
204,Archery,6,1,12,2837,3,False,False,20.41089,1.805432,28.05351,18.37948,8.103951,329.1813,20.40158,1.657997,28.65532,2.30066,0.1683792,352.2729,20.42399,1.652783,28.12484,349.1108,339.7138,7.006693,20.40158,1.657997,28.65532,2.30066,0.1683792,352.2729,20.42399,1.652783,28.12484,349.1108,339.7138,277.0067,20.42906,1.54988,30.42354,5.471747,0.7603748,350.4477
205,Archery,6,1,12,2851,3,False,False,20.41074,1.805598,28.05398,18.40138,8.052823,329.1942,20.40091,1.657722,28.65596,2.392443,0.08597779,352.6425,20.42431,1.652671,28.12494,349.0736,339.8474,7.088737,20.40091,1.657722,28.65596,2.392443,0.08597779,352.6425,20.42431,1.652671,28.12494,349.0736,339.8474,277.0887,20.43204,1.526141,30.6483,6.02873,0.7603751,350.4476
206,Archery,6,1,12,2865,3,False,False,20.41045,1.805699,28.05437,18.44351,7.958609,329.2419,20.40063,1.657405,28.65634,2.403943,0.2701124,352.6006,20.42458,1.652491,28.12498,348.9936,339.8922,7.17039,20.40063,1.657405,28.65634,2.403943,0.2701124,352.6006,20.42458,1.652491,28.12498,348.9935,339.8922,277.1704,20.43502,1.500195,30.87305,6.58457,0.7603749,350.4474
